date,nav
18-08-2026,1239.60900
17-08-2026,1245.40200
14-08-2026,1246.76900
13-08-2026,1247.91500
12-08-2026,1249.47800
11-08-2026,1249.68400
10-08-2026,1253.85000
07-08-2026,1251.72800
06-08-2026,1260.09300
05-08-2026,1259.64700
04-08-2026,1258.93800
03-08-2026,1267.42200
31-07-2026,1248.06100
30-07-2026,1240.96000
29-07-2026,1239.95400
28-07-2026,1229.18800
27-07-2026,1229.57400
24-07-2026,1215.97600
23-07-2026,1220.84900
22-07-2026,1226.74300
21-07-2026,1238.22300
20-07-2026,1236.57400
17-07-2026,1239.10800
16-07-2026,1231.72100
15-07-2026,1233.56000
14-07-2026,1228.90200
13-07-2026,1237.03700
10-07-2026,1236.77600
09-07-2026,1227.56600
08-07-2026,1218.46800
07-07-2026,1242.73700
06-07-2026,1241.23100
03-07-2026,1234.15900
02-07-2026,1228.49600
01-07-2026,1220.30100
30-06-2026,1211.25000
29-06-2026,1210.96000
25-06-2026,1217.44000
24-06-2026,1213.71100
23-06-2026,1204.13000
22-06-2026,1215.44000
19-06-2026,1210.15000
18-06-2026,1212.71000
17-06-2026,1205.66600
16-06-2026,1203.64300
15-06-2026,1198.73700
12-06-2026,1186.88300
11-06-2026,1159.48000
10-06-2026,1159.40700
09-06-2026,1161.65600
08-06-2026,1153.82700
05-06-2026,1164.81300
04-06-2026,1166.33000
03-06-2026,1163.96000
02-06-2026,1163.04400
01-06-2026,1160.63700
29-05-2026,1175.10400
27-05-2026,1193.43900
26-05-2026,1188.50100
25-05-2026,1194.83900
22-05-2026,1178.66300
21-05-2026,1175.18300
20-05-2026,1175.53500
19-05-2026,1171.97800
18-05-2026,1174.36700
15-05-2026,1175.44900
14-05-2026,1176.09500
13-05-2026,1161.95500
12-05-2026,1162.41600
11-05-2026,1185.39100
08-05-2026,1205.36900
07-05-2026,1208.78000
06-05-2026,1206.94000
05-05-2026,1187.10500
04-05-2026,1192.36700
30-04-2026,1186.27800
29-04-2026,1194.28700
28-04-2026,1190.23300
27-04-2026,1197.96700
24-04-2026,1189.75400
23-04-2026,1201.53400
22-04-2026,1212.67100
21-04-2026,1218.19200
20-04-2026,1207.09900
17-04-2026,1207.37700
16-04-2026,1199.59300
15-04-2026,1200.53200
13-04-2026,1183.02000
10-04-2026,1193.33500
09-04-2026,1173.92900
08-04-2026,1185.62700
07-04-2026,1139.38900
06-04-2026,1132.93700
02-04-2026,1119.71500
01-04-2026,1121.23100
31-03-2026,1107.28600
30-03-2026,1107.30800
27-03-2026,1134.53500
25-03-2026,1157.97900
24-03-2026,1138.77800
23-03-2026,1116.22300
20-03-2026,1148.33300
19-03-2026,1143.26200
18-03-2026,1182.32400
17-03-2026,1171.05900
16-03-2026,1162.89400
13-03-2026,1154.73400
12-03-2026,1177.03900
11-03-2026,1189.54900
10-03-2026,1211.34100
09-03-2026,1195.36400
06-03-2026,1219.40800
05-03-2026,1235.90700
04-03-2026,1222.78700
02-03-2026,1242.12500
27-02-2026,1258.18100
26-02-2026,1274.85500
25-02-2026,1271.40900
24-02-2026,1268.12800
23-02-2026,1276.66900
20-02-2026,1266.82100
19-02-2026,1262.62300
18-02-2026,1282.14800
17-02-2026,1279.28000
16-02-2026,1277.22100
13-02-2026,1266.99300
12-02-2026,1282.66100
11-02-2026,1285.85500
10-02-2026,1283.75400
09-02-2026,1279.19800
06-02-2026,1269.65300
05-02-2026,1267.07400
04-02-2026,1274.20200
03-02-2026,1268.66400
02-02-2026,1234.97400
30-01-2026,1244.18900
29-01-2026,1247.59500
28-01-2026,1242.81300
27-01-2026,1238.22900
23-01-2026,1234.61600
22-01-2026,1249.55400
21-01-2026,1243.95100
20-01-2026,1248.11000
19-01-2026,1266.85100
16-01-2026,1273.04700
14-01-2026,1272.83600
13-01-2026,1271.49800
12-01-2026,1272.31900
09-01-2026,1269.86500
08-01-2026,1284.24600
07-01-2026,1296.11900
06-01-2026,1292.02900
05-01-2026,1290.28900
02-01-2026,1293.22900
01-01-2026,1283.70300
31-12-2025,1279.95300
30-12-2025,1269.43000
29-12-2025,1270.01500
26-12-2025,1274.41100
24-12-2025,1276.94600
23-12-2025,1279.97600
22-12-2025,1278.41200
19-12-2025,1270.35900
18-12-2025,1263.33000
17-12-2025,1264.02300
16-12-2025,1268.25300
15-12-2025,1273.53000
12-12-2025,1274.89600
11-12-2025,1266.57700
10-12-2025,1260.89400
09-12-2025,1264.45700
08-12-2025,1264.80600
05-12-2025,1277.33700
04-12-2025,1271.25900
03-12-2025,1270.04200
02-12-2025,1273.72500
01-12-2025,1280.14300
28-11-2025,1282.04100
27-11-2025,1281.01200
26-11-2025,1279.84000
25-11-2025,1265.59700
24-11-2025,1266.71500
21-11-2025,1271.13800
20-11-2025,1277.34600
19-11-2025,1272.46100
18-11-2025,1270.26100
17-11-2025,1273.88900
14-11-2025,1268.59500
13-11-2025,1268.93900
12-11-2025,1268.06900
11-11-2025,1256.19700
10-11-2025,1251.31400
07-11-2025,1245.80200
06-11-2025,1247.08600
04-11-2025,1256.12400
03-11-2025,1262.30600
31-10-2025,1256.68100
30-10-2025,1266.27200
29-10-2025,1273.41000
28-10-2025,1265.25800
27-10-2025,1267.40400
24-10-2025,1259.80800
23-10-2025,1263.37000
20-10-2025,1265.17400
17-10-2025,1261.08800
16-10-2025,1255.56800
15-10-2025,1243.72500
14-10-2025,1237.31500
13-10-2025,1240.66200
10-10-2025,1241.75000
09-10-2025,1237.52500
08-10-2025,1233.68900
07-10-2025,1236.65400
06-10-2025,1235.91500
03-10-2025,1229.61400
01-10-2025,1227.38200
30-09-2025,1216.06200
26-09-2025,1215.48200
25-09-2025,1229.18400
24-09-2025,1238.49500
23-09-2025,1245.98300
22-09-2025,1246.41900
19-09-2025,1250.59900
18-09-2025,1252.13900
17-09-2025,1247.94600
16-09-2025,1244.47600
15-09-2025,1235.22100
12-09-2025,1236.00500
11-09-2025,1231.31300
10-09-2025,1230.54600
09-09-2025,1228.89800
08-09-2025,1226.08300
05-09-2025,1221.89700
04-09-2025,1220.36900
03-09-2025,1221.49700
02-09-2025,1213.86400
01-09-2025,1215.47000
29-08-2025,1204.70100
28-08-2025,1208.19900
26-08-2025,1220.04900
25-08-2025,1233.51400
22-08-2025,1230.22100
21-08-2025,1237.86900
20-08-2025,1237.77000
19-08-2025,1235.04300
18-08-2025,1227.62700
14-08-2025,1214.90500
13-08-2025,1213.23400
12-08-2025,1207.55400
11-08-2025,1211.12100
08-08-2025,1200.39000
07-08-2025,1213.05000
06-08-2025,1211.42600
05-08-2025,1217.19300
04-08-2025,1219.49800
01-08-2025,1213.28800
31-07-2025,1222.70300
30-07-2025,1228.60800
29-07-2025,1227.78800
28-07-2025,1220.63800
25-07-2025,1230.13400
24-07-2025,1239.09100
23-07-2025,1244.19800
22-07-2025,1237.37600
21-07-2025,1237.47000
18-07-2025,1229.38400
17-07-2025,1235.89800
16-07-2025,1238.73600
15-07-2025,1238.84700
14-07-2025,1233.17000
11-07-2025,1231.98800
10-07-2025,1239.23200
09-07-2025,1245.51700
08-07-2025,1245.60400
07-07-2025,1243.37000
04-07-2025,1243.13000
03-07-2025,1238.50100
02-07-2025,1242.82100
01-07-2025,1246.47100
30-06-2025,1247.84800
27-06-2025,1253.82400
26-06-2025,1245.81400
25-06-2025,1232.14900
24-06-2025,1223.82900
23-06-2025,1217.49700
20-06-2025,1223.09000
19-06-2025,1209.04200
18-06-2025,1210.85900
17-06-2025,1212.18600
16-06-2025,1215.80800
13-06-2025,1207.33500
12-06-2025,1216.96900
11-06-2025,1229.71800
10-06-2025,1228.57300
09-06-2025,1227.77200
06-06-2025,1221.76800
05-06-2025,1210.32000
04-06-2025,1204.72900
03-06-2025,1200.91600
02-06-2025,1208.58500
30-05-2025,1210.25300
29-05-2025,1214.31600
28-05-2025,1210.33400
27-05-2025,1212.62100
26-05-2025,1220.80200
23-05-2025,1215.79800
22-05-2025,1206.59100
21-05-2025,1215.73400
20-05-2025,1209.58300
19-05-2025,1221.04500
16-05-2025,1222.61300
15-05-2025,1222.88900
14-05-2025,1206.14400
13-05-2025,1203.28200
12-05-2025,1218.81500
09-05-2025,1181.02800
08-05-2025,1191.02000
07-05-2025,1198.23500
06-05-2025,1193.93900
05-05-2025,1200.05000
02-05-2025,1196.67400
30-04-2025,1198.24400
29-04-2025,1197.18200
28-04-2025,1200.41600
25-04-2025,1187.03100
24-04-2025,1198.83100
23-04-2025,1202.07800
22-04-2025,1195.25700
21-04-2025,1194.94100
17-04-2025,1182.41600
16-04-2025,1162.65800
15-04-2025,1156.74300
11-04-2025,1130.69800
09-04-2025,1108.96900
08-04-2025,1116.58900
07-04-2025,1098.84100
04-04-2025,1133.63600
03-04-2025,1151.84400
02-04-2025,1155.56100
01-04-2025,1145.75000
31-03-2025,1163.68100
28-03-2025,1163.77100
27-03-2025,1165.36900
26-03-2025,1162.03600
25-03-2025,1171.42700
24-03-2025,1173.81400
21-03-2025,1159.79500
20-03-2025,1146.51500
19-03-2025,1133.96600
18-03-2025,1129.39800
17-03-2025,1110.96400
13-03-2025,1105.77200
12-03-2025,1108.60200
11-03-2025,1108.83200
10-03-2025,1109.31700
07-03-2025,1116.51700
06-03-2025,1118.36300
05-03-2025,1108.36800
04-03-2025,1095.15000
03-03-2025,1097.26800
28-02-2025,1096.79800
27-02-2025,1117.65700
25-02-2025,1119.04400
24-02-2025,1118.67900
21-02-2025,1131.17300
20-02-2025,1137.33700
19-02-2025,1136.72100
18-02-2025,1133.81200
17-02-2025,1134.31300
14-02-2025,1133.57700
13-02-2025,1141.25700
12-02-2025,1140.83900
11-02-2025,1140.46400
10-02-2025,1158.57000
07-02-2025,1167.57800
06-02-2025,1167.08600
05-02-2025,1172.24400
04-02-2025,1174.40900
03-02-2025,1153.62500
31-01-2025,1161.85300
30-01-2025,1148.86100
29-01-2025,1147.33700
28-01-2025,1135.50400
27-01-2025,1131.08500
24-01-2025,1145.10200
23-01-2025,1151.56300
22-01-2025,1147.09900
21-01-2025,1143.16500
20-01-2025,1161.68300
17-01-2025,1154.25600
16-01-2025,1157.78900
15-01-2025,1151.95000
14-01-2025,1148.88900
13-01-2025,1141.96300
10-01-2025,1160.51100
09-01-2025,1170.39000
08-01-2025,1176.72300
07-01-2025,1180.35300
06-01-2025,1176.49200
03-01-2025,1195.40100
02-01-2025,1202.08000
01-01-2025,1183.01000
31-12-2024,1178.56700
30-12-2024,1177.09800
27-12-2024,1183.32400
26-12-2024,1180.99900
24-12-2024,1180.43500
23-12-2024,1180.46800
20-12-2024,1173.19200
19-12-2024,1190.55300
18-12-2024,1201.06900
17-12-2024,1209.50200
16-12-2024,1224.70000
13-12-2024,1228.29100
12-12-2024,1218.57300
11-12-2024,1225.68500
10-12-2024,1225.64800
09-12-2024,1224.89300
06-12-2024,1228.84500
05-12-2024,1228.74800
04-12-2024,1217.76500
03-12-2024,1215.62300
02-12-2024,1207.46400
29-11-2024,1202.55100
28-11-2024,1191.50400
27-11-2024,1206.56300
26-11-2024,1202.95300
25-11-2024,1206.52100
22-11-2024,1189.36400
21-11-2024,1165.01300
19-11-2024,1172.10600
18-11-2024,1168.68700
14-11-2024,1172.43400
13-11-2024,1172.94200
12-11-2024,1187.89700
11-11-2024,1200.43300
08-11-2024,1200.41700
07-11-2024,1204.95900
06-11-2024,1218.30200
05-11-2024,1206.61100
04-11-2024,1195.86200
31-10-2024,1207.16700
30-10-2024,1210.18900
29-10-2024,1215.41800
28-10-2024,1209.07900
25-10-2024,1204.36900
24-10-2024,1217.95400
23-10-2024,1220.07000
22-10-2024,1223.90700
21-10-2024,1241.02000
18-10-2024,1247.30600
17-10-2024,1239.43600
16-10-2024,1252.40200
15-10-2024,1256.87400
14-10-2024,1257.21800
11-10-2024,1248.35800
10-10-2024,1249.13000
09-10-2024,1249.58900
08-10-2024,1249.55900
07-10-2024,1237.64600
04-10-2024,1252.22300
03-10-2024,1261.67200
01-10-2024,1288.43300
30-09-2024,1290.64600
27-09-2024,1306.52200
26-09-2024,1309.43300
25-09-2024,1303.79500
24-09-2024,1302.14300
23-09-2024,1302.59500
20-09-2024,1294.67200
19-09-2024,1275.59400
18-09-2024,1272.88800
17-09-2024,1275.27800
16-09-2024,1272.53200
13-09-2024,1266.23300
12-09-2024,1269.50700
11-09-2024,1245.71100
10-09-2024,1253.01000
09-09-2024,1245.80800
06-09-2024,1241.12800
05-09-2024,1257.62600
04-09-2024,1258.77300
03-09-2024,1263.74400
02-09-2024,1263.00500
30-08-2024,1264.33200
29-08-2024,1259.39100
28-08-2024,1255.73000
27-08-2024,1254.38500
26-08-2024,1253.35000
23-08-2024,1243.15700
22-08-2024,1241.29000
21-08-2024,1239.96200
20-08-2024,1236.08900
19-08-2024,1230.30500
16-08-2024,1230.72900
14-08-2024,1212.03600
13-08-2024,1212.13800
12-08-2024,1221.74200
09-08-2024,1222.55800
08-08-2024,1211.90900
07-08-2024,1218.76900
06-08-2024,1200.20200
05-08-2024,1205.15600
02-08-2024,1235.51200
01-08-2024,1248.95300
31-07-2024,1245.66400
30-07-2024,1238.82200
29-07-2024,1236.22000
26-07-2024,1235.16900
25-07-2024,1214.47100
24-07-2024,1214.83400
23-07-2024,1215.09900
22-07-2024,1215.71300
19-07-2024,1213.81900
18-07-2024,1228.70300
16-07-2024,1222.25000
15-07-2024,1221.91800
12-07-2024,1216.51600
11-07-2024,1211.46700
10-07-2024,1211.56500
09-07-2024,1214.48300
08-07-2024,1208.81100
05-07-2024,1207.81200
04-07-2024,1206.01700
03-07-2024,1201.29800
02-07-2024,1191.88100
01-07-2024,1194.03100
28-06-2024,1189.04200
27-06-2024,1192.36600
26-06-2024,1184.75600
25-06-2024,1177.08600
24-06-2024,1169.10200
21-06-2024,1166.52800
20-06-2024,1169.57600
19-06-2024,1167.46000
18-06-2024,1171.27100
14-06-2024,1166.71400
13-06-2024,1163.57200
12-06-2024,1159.64400
11-06-2024,1154.74500
10-06-2024,1155.36000
07-06-2024,1155.05400
06-06-2024,1134.57900
05-06-2024,1122.26100
04-06-2024,1085.82000
03-06-2024,1167.75000
31-05-2024,1128.44700
30-05-2024,1125.26600
29-05-2024,1133.29700
28-05-2024,1142.07700
27-05-2024,1146.46500
24-05-2024,1147.00400
23-05-2024,1144.64700
22-05-2024,1130.38400
21-05-2024,1125.72400
17-05-2024,1120.34600
16-05-2024,1116.62600
15-05-2024,1105.78700
14-05-2024,1102.81900
13-05-2024,1097.70400
10-05-2024,1097.48900
09-05-2024,1090.04800
08-05-2024,1109.10600
07-05-2024,1106.05700
06-05-2024,1116.65000
03-05-2024,1119.37800
02-05-2024,1125.73600
30-04-2024,1122.73500
29-04-2024,1124.53200
26-04-2024,1112.00700
25-04-2024,1116.76900
24-04-2024,1109.28900
23-04-2024,1106.25900
22-04-2024,1104.28100
19-04-2024,1094.58600
18-04-2024,1090.46400
16-04-2024,1098.08900
15-04-2024,1104.00700
12-04-2024,1116.36300
10-04-2024,1125.60200
09-04-2024,1118.75800
08-04-2024,1120.40600
05-04-2024,1113.53300
04-04-2024,1112.79300
03-04-2024,1110.49500
02-04-2024,1109.84100
01-04-2024,1109.48900
31-03-2024,1101.85200
28-03-2024,1101.90100
27-03-2024,1093.35700
26-03-2024,1088.57900
22-03-2024,1090.01300
21-03-2024,1084.77000
20-03-2024,1072.29400
19-03-2024,1072.38200
18-03-2024,1084.96200
15-03-2024,1083.15000
14-03-2024,1091.46000
13-03-2024,1083.60800
12-03-2024,1105.48100
11-03-2024,1108.62100
07-03-2024,1116.64600
06-03-2024,1113.90700
05-03-2024,1108.23500
04-03-2024,1107.17100
01-03-2024,1101.64300
29-02-2024,1083.26700
28-02-2024,1079.95700
27-02-2024,1090.74400
26-02-2024,1086.10500
23-02-2024,1090.06700
22-02-2024,1089.79700
21-02-2024,1080.89700
20-02-2024,1088.97500
19-02-2024,1085.79100
16-02-2024,1084.74800
15-02-2024,1078.35100
14-02-2024,1074.97700
13-02-2024,1068.56000
12-02-2024,1058.55400
09-02-2024,1070.79300
08-02-2024,1071.66800
07-02-2024,1079.82700
06-02-2024,1079.48500
05-02-2024,1072.52600
02-02-2024,1071.86200
01-02-2024,1065.51900
31-01-2024,1066.72900
30-01-2024,1059.61900
29-01-2024,1070.85100
25-01-2024,1051.10700
24-01-2024,1053.87200
23-01-2024,1043.60400
19-01-2024,1060.04600
18-01-2024,1049.78900
17-01-2024,1052.19300
16-01-2024,1071.41300
15-01-2024,1075.84200
12-01-2024,1064.74200
11-01-2024,1053.55300
10-01-2024,1051.51600
09-01-2024,1049.55000
08-01-2024,1047.64800
05-01-2024,1056.92400
04-01-2024,1055.71200
03-01-2024,1045.19800
02-01-2024,1047.89700
01-01-2024,1050.31100
29-12-2023,1049.39900
28-12-2023,1051.71900
27-12-2023,1043.73800
26-12-2023,1035.30100
22-12-2023,1029.57900
21-12-2023,1024.98500
20-12-2023,1018.48700
19-12-2023,1036.61400
18-12-2023,1033.07000
15-12-2023,1035.05800
14-12-2023,1024.96200
13-12-2023,1013.53900
12-12-2023,1007.90200
11-12-2023,1013.77200
08-12-2023,1010.66900
07-12-2023,1006.63500
06-12-2023,1008.25800
05-12-2023,1005.57500
04-12-2023,998.32000
01-12-2023,978.72500
30-11-2023,967.74800
29-11-2023,963.90200
28-11-2023,954.09100
24-11-2023,949.59400
23-11-2023,948.97100
22-11-2023,949.60400
21-11-2023,948.55400
20-11-2023,945.73800
17-11-2023,945.77000
16-11-2023,948.38200
15-11-2023,945.37600
13-11-2023,935.49300
10-11-2023,930.68000
09-11-2023,927.77200
08-11-2023,927.42600
07-11-2023,926.05700
06-11-2023,924.62000
03-11-2023,917.02000
02-11-2023,911.74900
01-11-2023,901.88900
31-10-2023,905.52700
30-10-2023,908.47100
27-10-2023,905.35400
26-10-2023,893.69100
25-10-2023,903.49300
23-10-2023,911.54600
20-10-2023,924.28800
19-10-2023,928.06000
18-10-2023,931.05300
17-10-2023,937.88500
16-10-2023,934.67900
13-10-2023,934.84600
12-10-2023,935.40000
11-10-2023,934.89100
10-10-2023,930.65900
09-10-2023,920.16500
06-10-2023,926.32300
05-10-2023,921.56800
04-10-2023,917.37300
03-10-2023,926.53200
29-09-2023,931.07600
27-09-2023,928.62800
26-09-2023,923.92500
25-09-2023,925.24200
22-09-2023,925.89900
21-09-2023,928.27900
20-09-2023,937.05600
18-09-2023,944.78800
15-09-2023,946.05500
14-09-2023,942.64900
13-09-2023,941.25000
12-09-2023,936.17100
11-09-2023,940.95400
08-09-2023,934.56300
07-09-2023,925.29200
06-09-2023,917.11100
05-09-2023,915.99300
04-09-2023,913.38000
01-09-2023,908.33400
31-08-2023,899.78000
30-08-2023,904.38400
29-08-2023,904.16700
28-08-2023,903.75000
25-08-2023,900.72400
24-08-2023,907.04100
23-08-2023,909.22800
22-08-2023,906.19900
21-08-2023,904.48300
18-08-2023,899.50500
17-08-2023,902.43700
16-08-2023,905.72600
14-08-2023,903.26700
11-08-2023,903.01900
10-08-2023,908.10400
09-08-2023,912.14000
08-08-2023,907.92100
07-08-2023,908.58500
04-08-2023,904.79700
03-08-2023,899.35600
02-08-2023,904.76700
01-08-2023,915.75800
31-07-2023,914.24000
28-07-2023,907.91400
27-07-2023,907.30100
26-07-2023,908.34000
25-07-2023,902.55500
24-07-2023,901.93000
21-07-2023,901.54500
20-07-2023,908.96600
19-07-2023,902.82200
18-07-2023,897.62800
17-07-2023,896.50000
14-07-2023,891.54700
13-07-2023,885.91400
12-07-2023,885.76100
11-07-2023,887.77500
10-07-2023,883.27500
07-07-2023,883.24900
06-07-2023,889.01900
05-07-2023,883.92600
04-07-2023,884.21600
03-07-2023,882.76600
30-06-2023,877.42600
28-06-2023,868.54800
27-06-2023,860.35100
26-06-2023,854.60900
23-06-2023,853.43200
22-06-2023,857.38100
21-06-2023,861.58600
20-06-2023,859.32600
19-06-2023,856.30400
16-06-2023,859.15500
15-06-2023,853.70200
14-06-2023,856.35500
13-06-2023,855.20500
12-06-2023,850.42600
09-06-2023,849.06000
08-06-2023,850.33000
07-06-2023,853.26100
06-06-2023,846.94900
05-06-2023,846.46000
02-06-2023,842.49800
01-06-2023,838.42600
31-05-2023,840.95600
30-05-2023,844.71200
29-05-2023,842.16000
26-05-2023,836.62000
25-05-2023,829.91700
24-05-2023,828.26100
23-05-2023,829.77900
22-05-2023,828.86800
19-05-2023,826.14300
18-05-2023,823.46500
17-05-2023,826.22900
16-05-2023,830.27800
15-05-2023,832.51100
12-05-2023,827.10900
11-05-2023,826.51800
10-05-2023,826.98900
09-05-2023,825.13500
08-05-2023,825.41600
05-05-2023,817.16100
04-05-2023,825.82800
03-05-2023,820.22500
02-05-2023,822.25100
28-04-2023,818.03000
27-04-2023,811.01100
26-04-2023,807.12900
25-04-2023,804.29800
24-04-2023,803.23300
21-04-2023,796.88700
20-04-2023,797.37300
19-04-2023,796.15400
18-04-2023,799.10100
17-04-2023,799.69000
13-04-2023,805.61800
12-04-2023,806.83300
11-04-2023,803.89000
10-04-2023,800.78100
06-04-2023,797.83500
05-04-2023,795.94300
03-04-2023,788.98400
31-03-2023,786.23700
29-03-2023,774.82900
28-03-2023,769.22000
27-03-2023,770.59800
24-03-2023,769.48100
23-03-2023,775.11800
22-03-2023,778.13200
21-03-2023,776.81100
20-03-2023,770.95300
17-03-2023,776.46000
16-03-2023,772.40300
15-03-2023,771.39300
14-03-2023,775.57300
13-03-2023,778.97900
10-03-2023,791.65200
09-03-2023,799.22400
08-03-2023,804.57800
06-03-2023,800.76300
03-03-2023,794.79100
02-03-2023,782.93700
01-03-2023,787.75200
28-02-2023,781.03800
27-02-2023,784.46700
24-02-2023,786.90400
23-02-2023,788.53000
22-02-2023,789.74300
21-02-2023,800.07700
20-02-2023,800.02300
17-02-2023,803.91300
16-02-2023,807.56200
15-02-2023,805.91900
14-02-2023,802.55000
13-02-2023,796.68100
10-02-2023,801.05400
09-02-2023,802.28800
08-02-2023,801.65300
07-02-2023,797.10600
06-02-2023,799.97900
03-02-2023,801.83200
02-02-2023,791.82200
01-02-2023,789.53800
31-01-2023,791.99000
30-01-2023,788.65700
27-01-2023,788.01500
25-01-2023,800.59400
24-01-2023,812.05700
23-01-2023,813.23200
20-01-2023,809.25400
19-01-2023,810.21100
18-01-2023,810.51100
17-01-2023,804.82600
16-01-2023,799.94900
13-01-2023,803.05400
12-01-2023,798.59700
11-01-2023,799.69800
10-01-2023,800.29400
09-01-2023,807.76700
06-01-2023,797.90200
05-01-2023,802.87400
04-01-2023,802.36000
03-01-2023,810.73800
02-01-2023,807.93800
30-12-2022,802.40100
29-12-2022,805.70000
28-12-2022,802.26500
27-12-2022,802.88200
26-12-2022,799.15300
23-12-2022,787.25400
22-12-2022,801.71900
21-12-2022,804.81800
20-12-2022,813.13400
19-12-2022,815.27000
16-12-2022,809.74100
15-12-2022,817.00200
14-12-2022,826.88800
13-12-2022,824.35700
12-12-2022,820.27800
09-12-2022,818.49100
08-12-2022,822.62400
07-12-2022,819.33200
06-12-2022,821.04100
05-12-2022,824.54900
02-12-2022,823.79100
01-12-2022,827.50300
30-11-2022,825.00600
29-11-2022,820.06800
28-11-2022,818.32800
25-11-2022,816.20500
24-11-2022,813.45700
23-11-2022,804.00400
22-11-2022,802.49100
21-11-2022,799.06500
18-11-2022,803.92400
17-11-2022,806.66600
16-11-2022,808.54200
15-11-2022,808.28300
14-11-2022,804.91700
11-11-2022,806.90700
10-11-2022,794.13000
09-11-2022,799.82600
07-11-2022,801.62300
04-11-2022,796.42100
03-11-2022,796.49600
02-11-2022,797.36200
01-11-2022,798.94900
31-10-2022,793.54000
28-10-2022,784.56800
27-10-2022,783.78100
25-10-2022,778.56400
21-10-2022,771.45500
20-10-2022,770.58600
19-10-2022,768.55700
18-10-2022,768.35800
17-10-2022,760.09200
14-10-2022,754.56100
13-10-2022,747.78600
12-10-2022,752.51000
11-10-2022,745.79300
10-10-2022,756.25500
07-10-2022,759.50600
06-10-2022,761.23400
04-10-2022,756.29500
03-10-2022,740.31100
30-09-2022,746.00900
29-09-2022,736.01300
28-09-2022,735.24800
27-09-2022,742.23500
26-09-2022,742.97000
23-09-2022,758.11300
22-09-2022,771.37200
21-09-2022,776.51200
20-09-2022,780.94600
19-09-2022,773.57700
16-09-2022,770.64000
15-09-2022,786.25300
14-09-2022,789.11300
13-09-2022,791.32900
12-09-2022,786.72500
09-09-2022,783.21400
08-09-2022,782.23900
07-09-2022,775.53300
06-09-2022,775.25300
05-09-2022,773.63300
02-09-2022,768.18700
01-09-2022,768.22500
30-08-2022,777.12200
29-08-2022,759.94500
26-08-2022,770.00300
25-08-2022,767.53900
24-08-2022,769.73200
23-08-2022,768.51300
22-08-2022,764.33500
19-08-2022,773.71200
18-08-2022,781.69500
17-08-2022,781.57900
16-08-2022,777.09000
12-08-2022,772.10000
11-08-2022,767.87700
10-08-2022,762.20200
08-08-2022,760.67000
05-08-2022,754.60000
04-08-2022,752.64800
03-08-2022,754.16900
02-08-2022,753.78500
01-08-2022,753.62400
29-07-2022,745.71500
28-07-2022,735.24200
27-07-2022,728.19600
26-07-2022,720.94300
25-07-2022,726.70500
22-07-2022,728.49400
21-07-2022,725.65400
20-07-2022,721.72100
19-07-2022,715.27900
18-07-2022,711.57600
15-07-2022,702.36800
14-07-2022,698.57300
13-07-2022,700.48500
12-07-2022,704.43300
11-07-2022,710.10000
08-07-2022,709.64200
07-07-2022,704.36900
06-07-2022,697.17400
05-07-2022,692.10200
04-07-2022,693.47800
01-07-2022,689.07900
30-06-2022,690.11700
29-06-2022,690.35900
28-06-2022,690.87600
27-06-2022,688.47600
24-06-2022,681.22600
23-06-2022,676.13800
22-06-2022,671.28900
21-06-2022,680.18100
20-06-2022,665.45300
17-06-2022,666.97900
16-06-2022,669.75900
15-06-2022,684.41300
14-06-2022,686.80600
13-06-2022,688.10000
10-06-2022,707.29000
09-06-2022,716.35100
08-06-2022,711.23100
07-06-2022,713.19600
06-06-2022,716.84900
03-06-2022,718.54900
02-06-2022,721.21100
01-06-2022,716.79900
31-05-2022,717.20900
30-05-2022,717.20800
27-05-2022,704.61800
26-05-2022,699.42900
25-05-2022,691.97100
24-05-2022,694.05300
23-05-2022,697.65500
20-05-2022,699.54600
19-05-2022,681.66300
18-05-2022,697.05300
17-05-2022,699.81000
16-05-2022,682.54500
13-05-2022,679.14200
12-05-2022,682.37800
11-05-2022,695.53400
10-05-2022,699.03000
09-05-2022,704.97600
06-05-2022,709.72100
05-05-2022,717.60400
04-05-2022,716.92000
02-05-2022,730.61400
29-04-2022,730.82000
28-04-2022,739.54900
27-04-2022,730.71100
26-04-2022,737.71500
25-04-2022,728.31900
22-04-2022,741.48400
21-04-2022,751.42300
20-04-2022,741.30000
19-04-2022,735.49300
18-04-2022,741.70200
13-04-2022,750.00000
12-04-2022,750.42000
11-04-2022,758.03200
08-04-2022,760.81000
07-04-2022,755.03400
06-04-2022,759.90700
05-04-2022,761.57000
04-04-2022,763.28100
01-04-2022,747.83500
31-03-2022,736.00600
30-03-2022,736.49600
29-03-2022,731.16900
28-03-2022,728.56100
25-03-2022,725.56200
24-03-2022,728.23700
23-03-2022,727.60300
22-03-2022,730.18600
21-03-2022,722.72800
17-03-2022,727.91400
16-03-2022,717.23500
15-03-2022,704.65000
14-03-2022,713.25100
11-03-2022,705.90600
10-03-2022,702.40400
09-03-2022,694.90600
08-03-2022,684.29400
07-03-2022,677.23700
04-03-2022,690.73100
03-03-2022,699.84900
02-03-2022,701.79100
28-02-2022,706.61000
25-02-2022,699.79600
24-02-2022,681.54600
23-02-2022,715.17000
22-02-2022,717.15200
21-02-2022,723.64000
18-02-2022,727.19400
17-02-2022,727.78600
16-02-2022,729.74400
15-02-2022,731.15600
14-02-2022,713.00800
11-02-2022,735.98700
10-02-2022,744.32200
09-02-2022,738.43700
08-02-2022,729.97900
07-02-2022,730.21200
04-02-2022,740.12300
03-02-2022,743.92700
02-02-2022,751.69500
01-02-2022,745.02100
31-01-2022,738.54900
28-01-2022,727.73300
27-01-2022,726.50800
25-01-2022,731.06700
24-01-2022,722.94600
21-01-2022,738.23000
20-01-2022,747.47200
19-01-2022,753.43600
18-01-2022,755.93800
17-01-2022,764.19800
14-01-2022,762.31200
13-01-2022,762.10400
12-01-2022,758.01300
11-01-2022,751.30000
10-01-2022,749.96600
07-01-2022,739.90300
06-01-2022,737.88700
05-01-2022,743.78900
04-01-2022,739.72800
03-01-2022,732.75300
31-12-2021,721.12100
30-12-2021,716.02100
29-12-2021,716.57500
28-12-2021,718.26900
27-12-2021,711.56600
24-12-2021,708.20100
23-12-2021,712.63100
22-12-2021,706.27900
21-12-2021,697.90000
20-12-2021,691.29400
17-12-2021,708.55700
16-12-2021,719.96600
15-12-2021,720.51100
14-12-2021,725.10500
13-12-2021,725.13800
10-12-2021,729.51200
09-12-2021,729.17100
08-12-2021,726.82200
07-12-2021,715.36200
06-12-2021,705.10800
03-12-2021,715.27100
02-12-2021,721.31300
01-12-2021,713.06700
30-11-2021,705.55000
29-11-2021,706.72400
26-11-2021,710.09900
25-11-2021,730.82500
24-11-2021,727.83100
23-11-2021,729.42000
22-11-2021,723.50300
18-11-2021,739.23800
17-11-2021,745.00400
16-11-2021,748.96000
15-11-2021,755.29400
12-11-2021,757.18900
11-11-2021,750.52600
10-11-2021,756.88100
09-11-2021,757.40400
08-11-2021,757.29600
03-11-2021,746.56400
02-11-2021,747.60400
01-11-2021,747.71500
29-10-2021,737.28700
28-10-2021,744.02400
27-10-2021,762.81400
26-10-2021,763.68000
25-10-2021,758.64000
22-10-2021,756.53400
21-10-2021,761.15400
20-10-2021,761.90400
19-10-2021,768.17000
18-10-2021,772.68000
14-10-2021,765.85200
13-10-2021,758.31700
12-10-2021,751.20400
11-10-2021,749.97200
08-10-2021,744.40500
07-10-2021,742.00000
06-10-2021,736.62300
05-10-2021,744.54400
04-10-2021,737.76700
01-10-2021,729.74900
30-09-2021,731.95800
29-09-2021,735.46800
28-09-2021,730.26800
27-09-2021,729.23100
24-09-2021,727.26800
23-09-2021,728.93900
22-09-2021,717.27100
21-09-2021,716.10600
20-09-2021,711.70200
17-09-2021,721.88100
16-09-2021,725.05700
15-09-2021,718.83300
14-09-2021,709.99900
13-09-2021,707.95900
09-09-2021,707.60500
08-09-2021,707.24100
07-09-2021,705.62900
06-09-2021,707.07600
03-09-2021,706.25600
02-09-2021,701.99500
01-09-2021,697.68500
31-08-2021,699.10400
30-08-2021,692.05900
27-08-2021,681.74700
26-08-2021,677.94600
25-08-2021,679.33400
24-08-2021,677.86300
23-08-2021,671.47400
20-08-2021,670.94000
18-08-2021,680.45700
17-08-2021,683.05500
16-08-2021,684.60400
13-08-2021,684.77400
12-08-2021,678.93900
11-08-2021,676.20900
10-08-2021,676.32300
09-08-2021,678.17700
06-08-2021,679.58800
05-08-2021,681.14600
04-08-2021,681.28800
03-08-2021,676.74900
02-08-2021,667.90500
30-07-2021,661.71900
29-07-2021,660.59100
28-07-2021,658.07200
27-07-2021,658.97800
26-07-2021,663.83300
23-07-2021,666.13300
22-07-2021,663.90000
20-07-2021,656.38100
19-07-2021,663.18900
16-07-2021,667.92600
15-07-2021,668.05000
14-07-2021,665.70700
13-07-2021,663.32500
12-07-2021,657.13300
09-07-2021,656.88000
08-07-2021,658.78100
07-07-2021,664.50200
06-07-2021,662.76600
05-07-2021,665.81500
02-07-2021,660.61000
01-07-2021,658.31200
30-06-2021,659.64600
29-06-2021,659.98800
28-06-2021,663.10600
25-06-2021,664.60500
24-06-2021,659.00400
23-06-2021,657.03200
22-06-2021,660.64800
21-06-2021,659.05400
18-06-2021,655.94000
17-06-2021,661.41900
16-06-2021,666.70700
15-06-2021,669.75500
14-06-2021,668.90200
11-06-2021,669.40000
10-06-2021,667.49100
09-06-2021,663.40700
08-06-2021,666.17900
07-06-2021,666.13700
04-06-2021,659.57400
03-06-2021,658.78000
02-06-2021,655.00400
01-06-2021,652.78500
31-05-2021,653.14300
28-05-2021,646.90100
27-05-2021,644.53900
26-05-2021,642.69300
25-05-2021,641.50900
24-05-2021,642.13400
21-05-2021,637.85000
20-05-2021,626.25100
19-05-2021,631.09400
18-05-2021,631.88800
17-05-2021,625.94300
14-05-2021,616.55000
12-05-2021,621.27100
11-05-2021,624.92100
10-05-2021,622.36200
07-05-2021,613.97300
06-05-2021,609.62600
05-05-2021,606.17000
04-05-2021,598.02000
03-05-2021,601.82700
30-04-2021,602.18000
29-04-2021,608.51900
28-04-2021,609.63900
27-04-2021,602.78100
26-04-2021,596.24300
23-04-2021,591.19600
22-04-2021,591.41100
20-04-2021,586.92000
19-04-2021,588.15200
16-04-2021,599.09200
15-04-2021,597.32700
13-04-2021,593.13100
12-04-2021,582.05300
09-04-2021,607.51200
08-04-2021,609.58000
07-04-2021,608.87600
06-04-2021,602.87100
05-04-2021,602.58400
01-04-2021,613.23600
31-03-2021,605.48500
30-03-2021,609.44400
26-03-2021,598.77000
25-03-2021,592.34800
24-03-2021,602.21800
23-03-2021,614.68500
22-03-2021,612.02400
19-03-2021,613.71400
18-03-2021,607.34800
17-03-2021,613.87100
16-03-2021,624.92400
15-03-2021,626.80200
12-03-2021,629.50000
10-03-2021,633.92200
09-03-2021,631.00500
08-03-2021,630.18000
05-03-2021,625.44300
04-03-2021,634.05600
03-03-2021,642.33000
02-03-2021,631.73500
01-03-2021,624.52300
26-02-2021,615.77200
25-02-2021,638.43600
24-02-2021,629.52900
23-02-2021,618.11100
22-02-2021,613.67000
19-02-2021,627.03500
18-02-2021,637.93400
17-02-2021,636.35900
16-02-2021,636.14400
15-02-2021,635.32100
12-02-2021,626.59100
11-02-2021,627.74400
10-02-2021,627.00000
09-02-2021,628.11500
08-02-2021,629.69000
05-02-2021,620.49600
04-02-2021,619.45000
03-02-2021,611.96800
02-02-2021,603.69700
01-02-2021,585.41700
29-01-2021,557.53600
28-01-2021,564.24400
27-01-2021,566.48300
25-01-2021,577.20300
22-01-2021,580.70400
21-01-2021,589.85200
20-01-2021,595.83000
19-01-2021,591.91200
18-01-2021,581.92900
15-01-2021,591.12700
14-01-2021,596.80600
13-01-2021,594.69000
12-01-2021,590.42900
11-01-2021,583.94500
08-01-2021,579.23900
07-01-2021,571.64200
06-01-2021,569.84500
05-01-2021,569.68900
04-01-2021,567.09700
01-01-2021,560.57200
31-12-2020,557.81000
30-12-2020,557.27700
29-12-2020,557.09800
28-12-2020,555.42200
24-12-2020,550.07800
23-12-2020,543.29400
22-12-2020,537.17000
21-12-2020,529.98800
18-12-2020,553.65700
17-12-2020,552.59300
16-12-2020,552.73800
15-12-2020,548.98400
14-12-2020,550.56700
11-12-2020,545.50000
10-12-2020,542.09100
09-12-2020,545.01700
08-12-2020,540.01000
07-12-2020,540.44600
04-12-2020,534.48800
03-12-2020,528.77100
02-12-2020,524.55600
01-12-2020,522.39300
27-11-2020,515.62100
26-11-2020,517.66200
25-11-2020,511.98800
24-11-2020,518.06700
23-11-2020,512.43700
20-11-2020,511.05900
19-11-2020,508.14300
18-11-2020,514.06700
17-11-2020,511.27900
13-11-2020,504.97400
12-11-2020,503.02900
11-11-2020,505.75100
10-11-2020,497.75600
09-11-2020,490.51500
06-11-2020,482.46400
05-11-2020,479.07900
04-11-2020,469.05900
03-11-2020,467.34800
02-11-2020,460.58600
30-10-2020,455.45700
29-10-2020,454.81000
28-10-2020,457.80100
27-10-2020,463.82100
26-10-2020,461.31400
23-10-2020,469.53600
22-10-2020,467.06200
21-10-2020,467.34600
20-10-2020,463.09200
19-10-2020,462.21700
16-10-2020,456.26400
15-10-2020,451.06500
14-10-2020,462.16900
13-10-2020,461.81700
12-10-2020,463.45600
09-10-2020,464.39300
08-10-2020,458.93200
07-10-2020,456.20400
06-10-2020,456.26900
05-10-2020,452.21800
01-10-2020,449.90000
30-09-2020,443.82100
29-09-2020,445.23900
28-09-2020,447.73300
25-09-2020,438.65100
24-09-2020,427.51200
23-09-2020,442.26700
22-09-2020,444.47200
21-09-2020,448.90500
18-09-2020,461.38500
17-09-2020,460.87100
16-09-2020,463.97800
15-09-2020,462.07700
14-09-2020,458.24200
11-09-2020,459.26700
10-09-2020,458.90600
09-09-2020,452.58800
08-09-2020,456.24500
07-09-2020,459.26200
04-09-2020,459.41400
03-09-2020,469.44500
02-09-2020,470.96600
01-09-2020,467.35000
31-08-2020,464.39300
28-08-2020,477.65800
27-08-2020,472.93600
26-08-2020,472.10200
25-08-2020,470.45300
24-08-2020,470.06200
21-08-2020,468.72600
20-08-2020,465.77800
19-08-2020,466.51800
18-08-2020,464.45900
17-08-2020,460.58600
14-08-2020,457.43600
13-08-2020,462.00100
12-08-2020,460.96700
11-08-2020,459.37600
10-08-2020,457.07700
07-08-2020,451.47400
06-08-2020,452.32300
05-08-2020,447.87800
04-08-2020,447.43900
03-08-2020,442.39400
31-07-2020,446.72200
30-07-2020,445.62200
29-07-2020,451.03700
28-07-2020,452.24200
27-07-2020,449.05900
24-07-2020,453.97100
23-07-2020,456.91300
22-07-2020,453.29900
21-07-2020,453.04800
20-07-2020,445.00600
17-07-2020,441.95100
16-07-2020,433.56900
15-07-2020,429.44400
14-07-2020,430.01500
13-07-2020,438.57300
10-07-2020,438.05800
09-07-2020,441.10700
08-07-2020,437.64600
07-07-2020,439.37500
06-07-2020,440.95300
03-07-2020,435.98700
02-07-2020,433.05800
01-07-2020,429.28900
30-06-2020,423.46300
29-06-2020,425.15200
26-06-2020,431.06900
25-06-2020,427.27300
24-06-2020,427.79200
23-06-2020,436.76400
22-06-2020,429.46700
19-06-2020,423.27800
18-06-2020,417.01000
17-06-2020,407.35800
16-06-2020,408.70500
15-06-2020,406.52600
12-06-2020,413.27600
11-06-2020,411.09400
10-06-2020,420.80500
09-06-2020,418.76700
08-06-2020,424.54500
05-06-2020,422.31000
04-06-2020,412.78800
03-06-2020,412.61800
02-06-2020,409.52300
01-06-2020,405.40000
29-05-2020,396.41200
28-05-2020,391.16800
27-05-2020,384.87500
26-05-2020,372.83000
22-05-2020,371.84300
21-05-2020,376.34800
20-05-2020,374.46000
19-05-2020,367.10200
18-05-2020,364.97600
15-05-2020,379.59100
14-05-2020,380.28900
13-05-2020,390.18800
12-05-2020,379.85000
11-05-2020,379.53800
08-05-2020,380.70600
07-05-2020,382.42600
06-05-2020,385.95000
05-05-2020,384.93700
04-05-2020,387.97000
30-04-2020,409.95900
29-04-2020,398.07000
28-04-2020,390.18000
27-04-2020,387.57800
24-04-2020,383.66800
23-04-2020,389.96600
22-04-2020,386.92500
21-04-2020,382.09400
20-04-2020,393.21900
17-04-2020,394.51400
16-04-2020,383.05400
15-04-2020,376.73700
13-04-2020,377.96400
09-04-2020,380.21700
08-04-2020,366.44000
07-04-2020,367.64600
03-04-2020,344.12500
01-04-2020,348.50900
31-03-2020,361.42100
30-03-2020,345.29000
27-03-2020,356.99400
26-03-2020,352.93000
25-03-2020,341.78600
24-03-2020,326.97600
23-03-2020,322.02000
20-03-2020,366.27900
19-03-2020,348.48700
18-03-2020,359.37700
17-03-2020,373.49500
16-03-2020,381.65400
13-03-2020,411.89800
12-03-2020,391.20500
11-03-2020,431.54700
09-03-2020,434.27000
06-03-2020,456.53100
05-03-2020,469.94800
04-03-2020,470.72700
03-03-2020,473.12400
02-03-2020,464.06500
28-02-2020,468.77000
27-02-2020,487.25800
26-02-2020,490.56000
25-02-2020,496.08000
24-02-2020,497.53200
20-02-2020,509.15600
19-02-2020,508.77600
18-02-2020,502.23500
17-02-2020,502.68000
14-02-2020,507.92000
13-02-2020,512.39500
12-02-2020,513.42400
11-02-2020,512.48800
10-02-2020,508.67900
07-02-2020,513.55200
06-02-2020,513.09300
05-02-2020,510.38200
04-02-2020,504.02200
03-02-2020,492.22400
31-01-2020,509.30500
30-01-2020,514.48500
29-01-2020,518.98200
28-01-2020,515.82100
27-01-2020,519.23300
24-01-2020,524.51600
23-01-2020,521.53000
22-01-2020,516.49100
21-01-2020,519.18400
20-01-2020,522.08900
17-01-2020,527.54100
16-01-2020,528.63200
15-01-2020,530.35600
14-01-2020,531.01000
13-01-2020,529.73200
10-01-2020,526.33100
09-01-2020,523.88200
08-01-2020,515.01000
07-01-2020,517.25300
06-01-2020,515.37200
03-01-2020,527.57200
02-01-2020,530.34200
01-01-2020,525.27400
31-12-2019,523.59500
30-12-2019,525.24100
27-12-2019,525.82600
26-12-2019,518.46300
24-12-2019,522.60000
23-12-2019,524.37800
20-12-2019,526.12700
19-12-2019,524.13500
18-12-2019,522.97800
17-12-2019,522.71400
16-12-2019,518.46700
13-12-2019,520.39800
12-12-2019,513.19900
11-12-2019,509.06100
10-12-2019,506.89400
09-12-2019,512.37400
06-12-2019,511.83400
05-12-2019,518.18700
04-12-2019,520.59100
03-12-2019,517.45700
02-12-2019,522.86100
29-11-2019,524.64000
28-11-2019,528.97600
27-11-2019,523.52800
26-11-2019,522.01000
25-11-2019,524.59400
22-11-2019,519.39100
21-11-2019,520.25700
20-11-2019,523.97700
19-11-2019,520.85300
18-11-2019,517.15100
15-11-2019,515.78300
14-11-2019,513.67800
13-11-2019,512.99500
11-11-2019,519.13300
08-11-2019,517.49100
07-11-2019,523.86800
06-11-2019,523.45200
05-11-2019,521.34000
04-11-2019,523.50900
01-11-2019,520.31000
31-10-2019,519.38700
30-10-2019,515.79200
29-10-2019,511.43100
25-10-2019,502.50000
24-10-2019,498.82000
23-10-2019,502.58700
22-10-2019,501.49400
18-10-2019,503.98600
17-10-2019,498.39600
16-10-2019,493.18100
15-10-2019,492.05500
14-10-2019,488.88800
11-10-2019,487.68700
10-10-2019,485.62200
09-10-2019,490.21200
07-10-2019,481.95400
04-10-2019,486.65200
03-10-2019,492.33700
01-10-2019,492.24400
30-09-2019,498.99700
27-09-2019,501.57300
26-09-2019,504.45600
25-09-2019,497.51000
24-09-2019,505.45000
23-09-2019,507.30500
20-09-2019,495.37200
19-09-2019,473.34600
18-09-2019,480.69500
17-09-2019,478.49700
16-09-2019,488.53800
13-09-2019,492.94500
12-09-2019,487.71000
11-09-2019,488.99400
09-09-2019,487.48100
06-09-2019,485.23900
05-09-2019,480.60300
04-09-2019,478.00600
03-09-2019,473.83200
30-08-2019,484.31800
29-08-2019,481.69100
28-08-2019,485.73500
27-08-2019,488.97500
26-08-2019,484.93100
23-08-2019,475.61500
22-08-2019,470.06000
21-08-2019,479.20000
20-08-2019,485.48300
19-08-2019,489.44500
16-08-2019,489.20700
14-08-2019,487.50300
13-08-2019,481.16300
09-08-2019,489.09900
08-08-2019,488.62400
07-08-2019,480.57500
06-08-2019,486.78800
05-08-2019,483.18200
02-08-2019,490.03700
01-08-2019,493.02000
31-07-2019,500.72300
30-07-2019,497.31600
29-07-2019,504.35700
26-07-2019,507.89900
25-07-2019,507.34100
24-07-2019,508.42000
23-07-2019,513.42300
22-07-2019,515.81900
19-07-2019,515.98100
18-07-2019,521.45800
17-07-2019,528.98400
16-07-2019,528.36000
15-07-2019,523.47100
12-07-2019,523.37100
11-07-2019,524.66600
10-07-2019,521.52300
09-07-2019,524.91000
08-07-2019,523.43700
05-07-2019,536.65500
04-07-2019,544.06000
03-07-2019,542.85200
02-07-2019,541.80500
01-07-2019,539.68200
28-06-2019,538.99800
27-06-2019,540.84700
26-06-2019,541.49600
25-06-2019,537.92300
24-06-2019,532.10100
21-06-2019,532.35700
20-06-2019,535.49600
19-06-2019,528.72900
18-06-2019,529.18000
17-06-2019,526.00000
14-06-2019,533.36100
13-06-2019,536.16800
12-06-2019,534.94000
11-06-2019,537.55000
10-06-2019,534.13300
07-06-2019,533.17200
06-06-2019,531.99400
04-06-2019,541.76900
03-06-2019,543.15600
31-05-2019,538.18600
30-05-2019,539.49200
29-05-2019,535.22800
28-05-2019,540.12300
27-05-2019,539.54900
24-05-2019,532.33900
23-05-2019,520.27400
22-05-2019,522.61400
21-05-2019,519.98100
20-05-2019,526.31300
17-05-2019,505.55000
16-05-2019,502.39500
15-05-2019,496.58500
14-05-2019,500.15600
13-05-2019,495.61000
10-05-2019,503.79200
09-05-2019,504.04600
08-05-2019,507.47200
07-05-2019,513.62000
06-05-2019,519.71200
03-05-2019,522.32800
02-05-2019,521.86100
30-04-2019,524.76700
26-04-2019,524.03000
25-04-2019,517.40700
24-04-2019,521.41500
23-04-2019,515.17400
22-04-2019,515.65600
18-04-2019,522.94000
16-04-2019,525.12800
15-04-2019,522.03100
12-04-2019,520.96300
11-04-2019,518.35100
10-04-2019,518.52600
09-04-2019,522.80100
08-04-2019,518.72700
05-04-2019,521.99100
04-04-2019,519.75500
03-04-2019,522.12700
02-04-2019,528.02200
01-04-2019,526.15200
29-03-2019,524.07400
28-03-2019,521.18400
27-03-2019,514.98200
26-03-2019,516.88400
25-03-2019,510.55000
22-03-2019,512.68700
20-03-2019,515.35100
19-03-2019,517.93600
18-03-2019,512.88000
15-03-2019,510.06900
14-03-2019,504.53900
13-03-2019,504.28100
12-03-2019,502.73400
11-03-2019,498.20700
08-03-2019,491.01500
07-03-2019,492.17000
06-03-2019,491.31300
05-03-2019,488.19600
01-03-2019,480.85500
28-02-2019,475.65400
27-02-2019,474.04300
26-02-2019,474.21900
25-02-2019,476.72500
22-02-2019,474.06400
21-02-2019,472.60000
20-02-2019,470.50600
19-02-2019,463.63500
18-02-2019,463.55400
15-02-2019,467.30300
14-02-2019,467.19500
13-02-2019,469.52900
12-02-2019,473.66900
11-02-2019,475.73500
08-02-2019,478.89200
07-02-2019,486.39400
06-02-2019,486.54200
05-02-2019,480.28400
04-02-2019,481.79100
01-02-2019,483.50900
31-01-2019,485.40800
30-01-2019,477.94900
29-01-2019,473.87000
28-01-2019,473.97800
25-01-2019,479.29500
24-01-2019,481.02200
23-01-2019,479.76300
22-01-2019,484.12300
21-01-2019,486.60900
18-01-2019,485.88600
17-01-2019,487.16900
16-01-2019,487.22100
15-01-2019,486.04900
14-01-2019,480.60200
11-01-2019,483.95000
10-01-2019,485.02100
09-01-2019,485.25500
08-01-2019,484.66200
07-01-2019,481.43600
04-01-2019,479.64800
03-01-2019,476.14500
02-01-2019,481.17200
01-01-2019,486.37800
31-12-2018,483.46600
28-12-2018,483.20600
27-12-2018,478.70000
26-12-2018,476.38100
24-12-2018,474.13500
21-12-2018,476.98600
20-12-2018,483.85100
19-12-2018,485.11800
18-12-2018,481.28900
17-12-2018,479.37000
14-12-2018,475.12300
13-12-2018,473.35300
12-12-2018,470.82200
11-12-2018,463.19900
10-12-2018,460.16800
07-12-2018,467.83900
06-12-2018,466.27000
05-12-2018,473.10200
04-12-2018,478.83700
03-12-2018,478.19700
30-11-2018,475.78000
29-11-2018,477.55400
28-11-2018,475.09000
27-11-2018,475.64700
26-11-2018,472.76500
22-11-2018,469.59200
21-11-2018,473.78400
20-11-2018,475.83100
19-11-2018,481.41400
16-11-2018,479.64500
15-11-2018,477.94000
14-11-2018,475.70600
13-11-2018,474.00800
12-11-2018,469.58600
09-11-2018,475.36200
06-11-2018,472.96700
05-11-2018,473.23100
02-11-2018,473.93100
01-11-2018,469.60200
31-10-2018,469.32200
30-10-2018,460.65400
29-10-2018,461.92000
26-10-2018,445.15700
25-10-2018,448.30000
24-10-2018,452.66900
23-10-2018,450.75700
22-10-2018,455.03800
19-10-2018,456.25500
17-10-2018,460.79200
16-10-2018,466.66100
15-10-2018,461.74900
12-10-2018,460.10200
11-10-2018,451.20300
10-10-2018,461.12300
09-10-2018,451.99500
08-10-2018,454.09800
05-10-2018,454.35900
04-10-2018,468.13100
03-10-2018,476.23800
01-10-2018,481.69400
28-09-2018,476.14700
27-09-2018,478.88800
26-09-2018,482.19600
25-09-2018,482.08200
24-09-2018,478.71800
21-09-2018,485.08400
19-09-2018,488.13500
18-09-2018,488.23100
17-09-2018,496.39800
14-09-2018,500.52900
12-09-2018,494.81300
11-09-2018,492.02500
10-09-2018,498.45000
07-09-2018,503.49600
06-09-2018,500.53200
05-09-2018,496.56900
04-09-2018,498.15800
03-09-2018,502.99400
31-08-2018,507.21600
30-08-2018,505.92200
29-08-2018,504.18800
28-08-2018,504.29500
27-08-2018,504.53200
24-08-2018,496.84000
23-08-2018,497.80600
21-08-2018,497.00900
20-08-2018,495.17800
17-08-2018,490.97400
16-08-2018,485.89600
14-08-2018,487.36000
13-08-2018,484.30200
10-08-2018,488.62700
09-08-2018,492.90100
08-08-2018,487.94200
07-08-2018,486.02500
06-08-2018,487.83000
03-08-2018,484.43800
02-08-2018,478.67400
01-08-2018,481.64000
31-07-2018,481.90300
30-07-2018,481.87200
27-07-2018,476.82000
26-07-2018,471.13900
25-07-2018,465.79000
24-07-2018,466.14100
23-07-2018,461.49200
20-07-2018,456.74200
19-07-2018,453.69000
18-07-2018,454.59600
17-07-2018,457.59100
16-07-2018,451.40500
13-07-2018,456.93900
12-07-2018,459.07200
11-07-2018,456.84600
10-07-2018,459.54500
09-07-2018,455.20300
06-07-2018,450.96900
05-07-2018,449.27800
04-07-2018,451.37700
03-07-2018,451.05100
02-07-2018,449.96000
29-06-2018,452.74600
28-06-2018,445.24500
27-06-2018,449.67500
26-06-2018,456.11500
25-06-2018,456.47400
22-06-2018,461.41100
21-06-2018,458.24600
20-06-2018,460.02400
19-06-2018,458.42000
18-06-2018,463.04900
15-06-2018,463.58500
14-06-2018,465.10800
13-06-2018,467.77800
12-06-2018,466.54600
11-06-2018,463.60100
08-06-2018,463.41600
07-06-2018,463.17100
06-06-2018,458.07700
05-06-2018,453.35900
04-06-2018,455.97600
01-06-2018,459.46500
31-05-2018,462.52300
30-05-2018,458.32400
29-05-2018,459.49400
28-05-2018,463.25200
25-05-2018,457.56500
24-05-2018,453.64200
23-05-2018,448.75400
22-05-2018,451.57800
21-05-2018,449.46300
18-05-2018,450.50300
17-05-2018,457.16300
16-05-2018,459.66100
15-05-2018,464.21800
14-05-2018,466.22000
11-05-2018,465.99200
10-05-2018,462.75800
09-05-2018,465.33500
08-05-2018,465.39600
07-05-2018,463.98300
04-05-2018,459.02900
03-05-2018,461.94000
02-05-2018,463.48900
30-04-2018,466.76200
27-04-2018,464.33700
26-04-2018,458.47100
25-04-2018,458.34500
24-04-2018,461.20400
23-04-2018,461.15500
20-04-2018,460.01000
19-04-2018,461.70100
18-04-2018,459.63000
17-04-2018,460.91000
16-04-2018,460.00900
13-04-2018,459.05600
12-04-2018,458.42900
11-04-2018,457.13200
10-04-2018,458.01900
09-04-2018,455.76100
06-04-2018,453.95800
05-04-2018,452.94100
04-04-2018,443.51400
03-04-2018,449.78300
02-04-2018,446.87700
28-03-2018,443.96900
27-03-2018,448.12000
26-03-2018,444.72100
23-03-2018,437.22200
22-03-2018,443.44600
21-03-2018,446.35400
20-03-2018,445.55400
19-03-2018,444.28900
16-03-2018,449.62700
15-03-2018,455.77800
14-03-2018,458.14700
13-03-2018,457.88000
12-03-2018,455.39700
09-03-2018,448.78200
08-03-2018,451.09200
07-03-2018,446.85700
06-03-2018,452.59400
05-03-2018,458.69300
01-03-2018,463.24600
28-02-2018,466.96900
27-02-2018,468.78800
26-02-2018,472.21000
23-02-2018,469.48700
22-02-2018,463.80500
21-02-2018,465.25900
20-02-2018,464.04000
19-02-2018,463.81800
16-02-2018,468.69100
15-02-2018,473.84500
14-02-2018,473.37200
12-02-2018,477.95900
09-02-2018,473.78400
08-02-2018,477.84100
07-02-2018,472.21500
06-02-2018,472.94500
05-02-2018,480.05100
02-02-2018,483.29100
01-02-2018,495.76700
31-01-2018,498.02900
30-01-2018,500.28900
29-01-2018,503.14600
25-01-2018,503.78800
24-01-2018,506.86100
23-01-2018,505.89000
22-01-2018,498.49100
19-01-2018,495.59100
18-01-2018,491.33200
17-01-2018,492.80500
16-01-2018,485.65500
15-01-2018,489.53000
12-01-2018,487.02400
11-01-2018,486.11100
10-01-2018,485.42900
09-01-2018,486.23600
08-01-2018,485.78900
05-01-2018,482.96200
04-01-2018,481.93600
03-01-2018,476.96500
02-01-2018,475.47500
01-01-2018,476.13000
29-12-2017,479.07500
28-12-2017,476.89100
27-12-2017,478.08200
26-12-2017,480.05800
22-12-2017,478.63600
21-12-2017,476.53600
20-12-2017,474.55200
19-12-2017,475.55300
18-12-2017,472.43700
15-12-2017,468.45300
14-12-2017,465.69000
13-12-2017,463.96300
12-12-2017,468.22300
11-12-2017,471.82500
08-12-2017,469.45100
07-12-2017,466.39300
06-12-2017,459.83400
05-12-2017,464.34800
04-12-2017,464.74000
01-12-2017,463.90600
30-11-2017,469.37200
29-11-2017,475.70800
28-11-2017,476.66300
27-11-2017,479.11400
24-11-2017,478.56800
23-11-2017,477.71400
22-11-2017,477.39300
21-11-2017,475.93000
20-11-2017,475.15500
17-11-2017,474.75700
16-11-2017,471.71800
15-11-2017,465.53200
14-11-2017,468.89500
13-11-2017,471.63900
10-11-2017,475.85000
09-11-2017,473.26100
08-11-2017,471.34300
07-11-2017,473.88800
06-11-2017,480.92900
03-11-2017,481.21500
02-11-2017,478.47800
01-11-2017,478.92500
31-10-2017,473.04600
30-10-2017,474.89800
27-10-2017,472.69400
26-10-2017,475.06100
25-10-2017,472.79500
24-10-2017,451.11200
23-10-2017,448.41900
18-10-2017,449.43700
17-10-2017,451.80600
16-10-2017,451.74000
13-10-2017,449.91200
12-10-2017,447.57000
11-10-2017,443.34300
10-10-2017,446.65100
09-10-2017,445.01400
06-10-2017,445.36600
05-10-2017,440.40500
04-10-2017,440.68900
03-10-2017,439.25700
29-09-2017,437.09100
28-09-2017,435.75200
27-09-2017,435.11900
26-09-2017,443.00800
25-09-2017,441.24700
22-09-2017,444.98700
21-09-2017,454.43800
20-09-2017,456.85000
19-09-2017,456.32600
18-09-2017,456.14500
15-09-2017,454.08800
14-09-2017,454.22600
13-09-2017,452.14200
12-09-2017,451.93400
11-09-2017,447.53800
08-09-2017,443.52100
07-09-2017,443.79300
06-09-2017,443.08000
05-09-2017,445.06000
04-09-2017,443.13000
01-09-2017,446.45600
31-08-2017,443.88900
30-08-2017,443.39100
29-08-2017,440.13800
28-08-2017,445.18200
24-08-2017,442.00300
23-08-2017,440.11200
22-08-2017,434.78400
21-08-2017,435.20400
18-08-2017,440.13000
17-08-2017,444.48500
16-08-2017,443.97500
14-08-2017,440.10100
11-08-2017,435.17600
10-08-2017,440.41300
09-08-2017,446.88300
08-08-2017,451.23300
07-08-2017,455.04800
04-08-2017,453.75600
03-08-2017,451.03500
02-08-2017,455.14300
01-08-2017,456.76500
31-07-2017,456.89500
28-07-2017,451.82100
27-07-2017,451.55200
26-07-2017,452.81700
25-07-2017,450.87400
24-07-2017,450.37900
21-07-2017,447.98500
20-07-2017,446.85000
19-07-2017,448.57500
18-07-2017,444.87400
17-07-2017,447.80500
14-07-2017,446.33700
13-07-2017,445.59600
12-07-2017,442.12000
11-07-2017,440.18000
10-07-2017,441.24900
07-07-2017,435.21900
06-07-2017,435.20400
05-07-2017,432.56100
04-07-2017,431.31100
03-07-2017,431.99200
30-06-2017,428.41900
29-06-2017,426.82000
28-06-2017,426.07700
27-06-2017,425.84600
23-06-2017,429.74000
22-06-2017,433.47800
21-06-2017,434.08400
20-06-2017,434.78600
19-06-2017,434.69000
16-06-2017,431.27100
15-06-2017,430.57100
14-06-2017,431.53100
13-06-2017,430.43600
12-06-2017,430.62700
09-06-2017,434.41300
08-06-2017,433.42800
07-06-2017,433.91800
06-06-2017,432.07900
05-06-2017,434.43400
02-06-2017,433.13000
01-06-2017,432.11700
31-05-2017,432.12800
30-05-2017,432.60300
29-05-2017,429.69600
26-05-2017,432.54900
25-05-2017,427.72400
24-05-2017,420.11400
23-05-2017,422.90700
22-05-2017,426.93500
19-05-2017,429.55100
18-05-2017,429.13500
17-05-2017,436.04100
16-05-2017,435.07600
15-05-2017,431.82700
12-05-2017,429.43100
11-05-2017,430.98700
10-05-2017,431.23500
09-05-2017,428.48900
08-05-2017,427.69600
05-05-2017,425.90500
04-05-2017,430.29100
03-05-2017,425.18100
02-05-2017,425.04400
28-04-2017,425.04700
27-04-2017,423.17200
26-04-2017,423.73400
25-04-2017,422.15500
24-04-2017,418.54300
21-04-2017,414.82600
20-04-2017,415.49100
19-04-2017,413.84200
18-04-2017,413.78200
17-04-2017,414.98200
13-04-2017,415.54400
12-04-2017,417.96600
11-04-2017,420.74100
10-04-2017,416.47200
07-04-2017,416.13600
06-04-2017,418.40400
05-04-2017,419.10800
03-04-2017,416.44700
31-03-2017,412.76300
30-03-2017,412.04100
29-03-2017,410.21700
28-03-2017,407.66800
27-03-2017,405.09000
24-03-2017,407.14000
23-03-2017,404.70900
22-03-2017,402.05900
21-03-2017,407.18800
20-03-2017,408.27700
17-03-2017,409.48600
16-03-2017,410.23600
15-03-2017,405.67400
14-03-2017,404.62300
10-03-2017,397.43800
09-03-2017,398.14100
08-03-2017,397.69200
07-03-2017,399.60700
06-03-2017,400.45500
03-03-2017,397.70600
02-03-2017,397.34300
01-03-2017,400.88700
28-02-2017,398.53600
27-02-2017,398.44000
23-02-2017,400.77400
22-02-2017,401.11300
21-02-2017,401.61300
20-02-2017,399.57800
17-02-2017,395.87300
16-02-2017,393.75800
15-02-2017,389.44700
14-02-2017,394.79100
13-02-2017,396.09700
10-02-2017,397.93500
09-02-2017,397.08300
08-02-2017,397.26100
07-02-2017,396.74500
06-02-2017,397.21300
03-02-2017,395.18900
02-02-2017,393.17000
01-02-2017,390.88300
31-01-2017,382.37600
30-01-2017,386.90900
27-01-2017,386.99200
25-01-2017,383.67900
24-01-2017,379.07300
23-01-2017,375.06600
20-01-2017,373.07800
19-01-2017,379.40200
18-01-2017,378.22200
17-01-2017,376.87100
16-01-2017,377.58600
13-01-2017,375.54400
12-01-2017,376.03000
11-01-2017,373.84500
10-01-2017,368.90600
09-01-2017,365.62700
06-01-2017,365.05300
05-01-2017,366.26900
04-01-2017,361.35100
03-01-2017,361.89600
02-01-2017,360.76800
30-12-2016,360.42700
29-12-2016,356.60700
28-12-2016,354.27700
27-12-2016,354.81600
26-12-2016,348.77200
23-12-2016,354.24200
22-12-2016,354.16300
21-12-2016,358.78500
20-12-2016,359.28300
19-12-2016,361.71100
16-12-2016,363.18400
15-12-2016,363.99800
14-12-2016,364.00600
13-12-2016,366.93400
12-12-2016,365.49800
09-12-2016,369.63900
08-12-2016,367.21500
07-12-2016,360.59000
06-12-2016,362.84000
05-12-2016,361.49300
02-12-2016,359.57600
01-12-2016,364.69300
30-11-2016,367.30700
29-11-2016,362.54700
28-11-2016,362.27000
25-11-2016,362.73900
24-11-2016,356.16300
23-11-2016,357.74700
22-11-2016,355.71300
21-11-2016,352.79200
18-11-2016,362.63000
17-11-2016,362.80100
16-11-2016,363.03000
15-11-2016,362.91300
11-11-2016,370.87400
10-11-2016,381.03700
09-11-2016,370.35700
08-11-2016,374.26900
07-11-2016,372.46000
04-11-2016,368.14900
03-11-2016,370.95300
02-11-2016,374.68300
01-11-2016,381.74400
28-10-2016,381.50500
27-10-2016,379.53400
26-10-2016,379.98100
25-10-2016,385.57000
24-10-2016,386.18700
21-10-2016,385.31300
20-10-2016,385.15200
19-10-2016,382.39300
18-10-2016,382.55500
17-10-2016,375.07800
14-10-2016,377.35400
13-10-2016,375.43800
10-10-2016,382.65500
07-10-2016,382.81300
06-10-2016,382.22700
05-10-2016,384.09400
04-10-2016,384.00200
03-10-2016,381.13500
30-09-2016,374.57600
29-09-2016,370.40300
28-09-2016,380.19100
27-09-2016,376.76400
26-09-2016,378.42900
23-09-2016,382.29700
22-09-2016,384.28300
21-09-2016,378.37800
20-09-2016,378.71800
19-09-2016,379.78000
16-09-2016,377.99500
15-09-2016,377.13700
14-09-2016,377.74000
12-09-2016,374.00200
09-09-2016,383.41300
08-09-2016,387.20900
07-09-2016,385.82200
06-09-2016,384.20000
02-09-2016,377.29800
01-09-2016,375.21900
31-08-2016,376.84100
30-08-2016,375.25800
29-08-2016,370.08800
26-08-2016,368.12500
25-08-2016,369.46900
24-08-2016,372.02000
23-08-2016,370.46800
22-08-2016,370.77400
19-08-2016,373.27300
18-08-2016,371.35500
17-08-2016,368.50600
16-08-2016,368.05200
12-08-2016,368.03200
11-08-2016,363.34500
10-08-2016,364.17900
09-08-2016,368.84000
08-08-2016,370.02000
05-08-2016,368.51100
04-08-2016,361.91600
03-08-2016,360.18500
02-08-2016,364.09100
01-08-2016,365.78000
29-07-2016,366.47700
28-07-2016,368.35000
27-07-2016,367.68300
26-07-2016,365.04500
25-07-2016,366.93800
22-07-2016,361.98200
21-07-2016,359.64000
20-07-2016,363.33800
19-07-2016,361.79800
18-07-2016,359.60300
15-07-2016,362.04100
14-07-2016,363.04200
13-07-2016,359.17600
12-07-2016,359.63600
11-07-2016,356.53500
08-07-2016,349.43200
07-07-2016,350.04400
05-07-2016,351.31100
04-07-2016,352.51500
01-07-2016,348.68900
30-06-2016,346.25700
29-06-2016,342.04800
28-06-2016,338.77300
27-06-2016,337.72600
24-06-2016,336.02100
23-06-2016,345.47600
22-06-2016,342.91400
21-06-2016,343.86900
20-06-2016,344.78600
17-06-2016,341.43000
16-06-2016,340.80700
15-06-2016,342.85700
14-06-2016,337.54800
13-06-2016,336.39700
10-06-2016,339.90900
09-06-2016,341.86200
08-06-2016,343.34700
07-06-2016,341.94300
06-06-2016,338.91400
03-06-2016,339.01800
02-06-2016,339.30800
01-06-2016,337.00100
31-05-2016,338.59800
30-05-2016,335.80200
27-05-2016,334.62600
26-05-2016,330.24100
25-05-2016,323.25000
24-05-2016,315.29400
23-05-2016,315.45900
20-05-2016,316.97700
19-05-2016,318.72700
18-05-2016,323.17500
17-05-2016,322.70300
16-05-2016,321.81900
13-05-2016,322.63800
12-05-2016,323.76200
11-05-2016,321.60700
10-05-2016,323.29700
09-05-2016,322.95800
06-05-2016,317.83900
05-05-2016,317.32900
04-05-2016,316.23600
03-05-2016,320.29200
02-05-2016,322.19000
29-04-2016,323.97900
28-04-2016,323.95100
27-04-2016,328.82500
26-04-2016,329.95600
25-04-2016,325.40800
22-04-2016,327.59000
21-04-2016,325.98500
20-04-2016,324.20600
18-04-2016,322.80000
13-04-2016,320.71700
12-04-2016,315.63900
11-04-2016,313.84700
08-04-2016,308.20500
07-04-2016,307.28100
06-04-2016,309.97800
05-04-2016,309.05300
04-04-2016,316.92300
01-04-2016,315.53300
31-03-2016,315.20400
30-03-2016,315.00100
29-03-2016,307.77500
28-03-2016,307.63700
23-03-2016,313.45400
22-03-2016,312.63300
21-03-2016,311.90100
18-03-2016,307.02800
17-03-2016,303.22500
16-03-2016,301.94300
15-03-2016,300.56600
14-03-2016,302.24600
11-03-2016,299.66200
10-03-2016,299.34600
09-03-2016,301.78600
08-03-2016,299.23000
04-03-2016,300.28100
03-03-2016,297.80400
02-03-2016,293.36300
01-03-2016,285.25300
29-02-2016,274.96300
26-02-2016,275.54700
25-02-2016,272.65500
24-02-2016,277.28200
23-02-2016,280.56600
22-02-2016,285.29500
19-02-2016,285.00900
18-02-2016,284.17700
17-02-2016,281.85300
16-02-2016,278.88600
15-02-2016,285.77200
12-02-2016,274.28000
11-02-2016,274.93500
10-02-2016,284.26300
09-02-2016,288.83500
08-02-2016,294.08600
05-02-2016,296.54400
04-02-2016,292.80000
03-02-2016,291.16000
02-02-2016,297.47000
01-02-2016,302.47500
29-01-2016,304.61500
28-01-2016,301.19500
27-01-2016,302.64600
25-01-2016,301.29900
22-01-2016,301.16800
21-01-2016,294.02900
20-01-2016,295.16600
19-01-2016,302.04700
18-01-2016,298.33200
15-01-2016,302.56000
14-01-2016,308.82300
13-01-2016,311.35400
12-01-2016,310.41400
11-01-2016,313.11600
08-01-2016,315.07100
07-01-2016,313.00300
06-01-2016,322.50900
05-01-2016,324.49000
04-01-2016,324.05500
01-01-2016,331.91500
31-12-2015,329.75200
30-12-2015,328.59400
29-12-2015,330.48300
28-12-2015,330.36900
24-12-2015,328.52600
23-12-2015,328.57800
22-12-2015,325.26300
21-12-2015,326.92700
18-12-2015,323.85200
17-12-2015,327.19400
16-12-2015,323.45100
15-12-2015,321.34400
14-12-2015,319.39200
11-12-2015,318.33000
10-12-2015,322.08000
09-12-2015,319.81200
08-12-2015,324.32000
07-12-2015,327.24700
04-12-2015,328.77300
03-12-2015,331.90700
02-12-2015,334.86400
01-12-2015,336.58900
30-11-2015,336.38800
27-11-2015,335.72500
26-11-2015,332.06300
24-11-2015,330.58100
23-11-2015,331.90100
20-11-2015,332.02400
19-11-2015,330.50200
18-11-2015,325.79200
17-11-2015,330.75800
16-11-2015,330.97000
13-11-2015,328.90700
10-11-2015,327.92400
09-11-2015,332.61400
06-11-2015,331.41600
05-11-2015,330.42100
04-11-2015,334.33100
03-11-2015,334.36000
02-11-2015,334.06200
30-10-2015,333.90400
29-10-2015,336.10500
28-10-2015,339.38600
27-10-2015,342.62800
26-10-2015,343.16700
23-10-2015,344.64300
21-10-2015,343.31900
20-10-2015,344.31500
19-10-2015,343.91600
16-10-2015,343.05700
15-10-2015,339.55500
14-10-2015,335.06500
13-10-2015,336.09600
12-10-2015,336.68900
09-10-2015,337.88200
08-10-2015,335.25100
07-10-2015,336.82700
06-10-2015,336.03600
05-10-2015,335.28600
01-10-2015,327.79000
30-09-2015,328.56600
29-09-2015,325.54100
28-09-2015,323.53700
24-09-2015,327.51500
23-09-2015,327.20700
22-09-2015,325.50500
21-09-2015,332.84400
18-09-2015,331.56200
16-09-2015,327.58300
15-09-2015,325.12800
14-09-2015,328.21700
11-09-2015,323.59600
10-09-2015,323.75700
09-09-2015,324.64100
08-09-2015,318.79100
07-09-2015,311.63900
04-09-2015,316.44600
03-09-2015,323.45000
02-09-2015,318.31300
01-09-2015,322.10000
31-08-2015,330.63400
28-08-2015,332.75900
27-08-2015,331.25000
26-08-2015,323.73100
25-08-2015,326.90400
24-08-2015,321.69600
21-08-2015,347.37600
20-08-2015,350.34100
19-08-2015,357.75600
18-08-2015,357.75400
17-08-2015,356.37100
14-08-2015,354.26100
13-08-2015,346.61900
12-08-2015,346.96900
11-08-2015,354.75900
10-08-2015,359.22000
07-08-2015,360.53800
06-08-2015,361.69100
05-08-2015,360.36000
04-08-2015,358.91600
03-08-2015,357.54000
31-07-2015,354.61500
30-07-2015,348.87200
29-07-2015,345.90100
28-07-2015,344.13900
27-07-2015,345.13600
24-07-2015,352.21800
23-07-2015,356.64100
22-07-2015,357.27800
21-07-2015,353.15900
20-07-2015,354.94100
17-07-2015,355.45900
16-07-2015,354.66400
15-07-2015,351.23000
14-07-2015,349.48900
13-07-2015,349.87200
10-07-2015,345.93800
09-07-2015,343.38600
08-07-2015,344.31200
07-07-2015,350.10600
06-07-2015,350.01900
03-07-2015,347.89300
02-07-2015,346.60300
01-07-2015,346.70800
30-06-2015,341.89100
29-06-2015,339.94200
26-06-2015,343.55000
25-06-2015,344.68600
24-06-2015,342.95600
23-06-2015,345.20900
22-06-2015,343.10000
19-06-2015,337.79300
18-06-2015,335.83200
17-06-2015,332.47100
16-06-2015,330.90300
15-06-2015,328.62500
12-06-2015,328.44500
11-06-2015,327.54300
10-06-2015,334.23800
09-06-2015,330.52900
08-06-2015,330.32900
05-06-2015,333.99700
04-06-2015,335.13800
03-06-2015,334.51000
02-06-2015,338.87200
01-06-2015,347.33000
29-05-2015,346.35400
28-05-2015,341.69200
27-05-2015,341.75100
26-05-2015,341.46000
25-05-2015,342.32100
22-05-2015,345.44200
21-05-2015,345.66900
20-05-2015,346.60400
19-05-2015,344.92200
18-05-2015,345.04800
15-05-2015,341.16000
14-05-2015,339.64300
13-05-2015,338.01600
12-05-2015,332.47000
11-05-2015,341.94900
08-05-2015,333.94100
07-05-2015,328.84500
06-05-2015,333.18300
05-05-2015,344.07800
04-05-2015,344.66600
30-04-2015,339.03600
29-04-2015,340.73800
28-04-2015,342.54500
27-04-2015,337.10000
24-04-2015,341.32400
23-04-2015,346.68200
22-04-2015,348.45500
21-04-2015,347.26700
20-04-2015,348.53200
17-04-2015,354.60600
16-04-2015,358.50800
15-04-2015,359.72200
13-04-2015,361.76600
10-04-2015,359.58100
09-04-2015,358.18300
08-04-2015,355.66700
07-04-2015,353.01600
06-04-2015,352.69700
01-04-2015,350.75100
31-03-2015,347.13100
30-03-2015,346.68500
27-03-2015,340.38500
26-03-2015,338.80500
25-03-2015,345.17400
24-03-2015,345.97800
23-03-2015,346.42900
20-03-2015,348.76800
19-03-2015,352.54100
18-03-2015,356.01000
17-03-2015,356.21500
16-03-2015,352.62500
13-03-2015,352.63100
12-03-2015,358.17200
11-03-2015,354.29300
10-03-2015,355.19400
09-03-2015,355.82000
05-03-2015,363.28400
04-03-2015,363.40700
03-03-2015,368.20400
02-03-2015,366.00900
27-02-2015,359.29500
26-02-2015,351.27800
25-02-2015,355.66900
24-02-2015,355.72500
23-02-2015,356.22000
20-02-2015,359.72400
19-02-2015,361.05900
18-02-2015,360.11800
16-02-2015,358.05900
13-02-2015,359.34000
12-02-2015,354.55800
11-02-2015,351.53600
10-02-2015,347.20600
09-02-2015,344.63800
06-02-2015,352.39900
05-02-2015,354.93800
04-02-2015,357.74100
03-02-2015,360.49100
02-02-2015,364.14200
30-01-2015,364.71700
29-01-2015,371.66100
28-01-2015,371.53700
27-01-2015,370.96200
23-01-2015,367.77600
22-01-2015,365.11100
21-01-2015,364.39800
20-01-2015,361.62000
19-01-2015,357.45000
16-01-2015,356.15700
15-01-2015,356.39900
14-01-2015,347.73700
13-01-2015,348.60700
12-01-2015,350.51600
09-01-2015,348.56500
08-01-2015,346.89200
07-01-2015,341.32200
06-01-2015,341.08000
05-01-2015,352.32900
02-01-2015,352.99900
01-01-2015,349.31200
31-12-2014,348.85400
30-12-2014,347.12800
29-12-2014,346.20500
26-12-2014,344.62000
24-12-2014,343.18400
23-12-2014,345.65500
22-12-2014,347.98700
19-12-2014,345.12500
18-12-2014,342.62200
17-12-2014,334.74400
16-12-2014,335.27200
15-12-2014,341.82500
12-12-2014,343.98100
11-12-2014,346.99200
10-12-2014,349.35500
09-12-2014,347.01600
08-12-2014,353.27400
05-12-2014,358.71500
04-12-2014,360.72700
03-12-2014,359.45400
02-12-2014,358.05600
01-12-2014,358.16100
28-11-2014,359.59300
27-11-2014,353.34800
26-11-2014,353.04400
25-11-2014,352.24300
24-11-2014,356.54300
21-11-2014,353.64200
20-11-2014,350.97700
19-11-2014,350.50000
18-11-2014,353.78400
17-11-2014,352.96600
14-11-2014,349.56600
13-11-2014,346.24500
12-11-2014,348.34300
11-11-2014,347.67700
10-11-2014,346.05900
07-11-2014,346.42200
05-11-2014,345.93100
03-11-2014,345.16900
31-10-2014,343.76700
30-10-2014,336.82600
29-10-2014,334.54000
28-10-2014,332.35400
27-10-2014,330.26100
22-10-2014,330.47300
21-10-2014,328.18600
20-10-2014,326.22200
17-10-2014,321.56100
16-10-2014,318.53600
14-10-2014,324.50400
13-10-2014,325.10000
10-10-2014,323.72000
09-10-2014,327.89400
08-10-2014,322.48700
07-10-2014,321.84500
01-10-2014,325.39500
30-09-2014,326.48200
29-09-2014,326.26400
26-09-2014,325.92400
25-09-2014,321.74300
24-09-2014,326.80600
23-09-2014,329.18700
22-09-2014,336.13800
19-09-2014,335.43400
18-09-2014,337.39000
17-09-2014,331.46900
16-09-2014,329.32700
15-09-2014,337.88200
12-09-2014,338.82300
11-09-2014,337.30800
10-09-2014,335.98000
09-09-2014,338.22400
08-09-2014,337.96200
05-09-2014,333.58200
04-09-2014,332.32600
03-09-2014,333.89200
02-09-2014,332.01700
01-09-2014,330.70000
28-08-2014,325.68700
27-08-2014,325.32200
26-08-2014,323.30700
25-08-2014,324.60600
22-08-2014,325.83400
21-08-2014,324.59800
20-08-2014,322.45100
19-08-2014,323.48100
18-08-2014,321.74300
14-08-2014,316.01900
13-08-2014,312.73200
12-08-2014,314.52900
11-08-2014,310.71600
08-08-2014,306.98900
07-08-2014,311.29500
06-08-2014,312.02900
05-08-2014,315.15100
04-08-2014,313.50500
01-08-2014,308.77400
31-07-2014,310.95300
30-07-2014,312.44300
28-07-2014,310.04500
25-07-2014,312.89500
24-07-2014,317.62900
23-07-2014,316.45400
22-07-2014,315.26600
21-07-2014,313.57300
18-07-2014,313.98600
17-07-2014,314.79300
16-07-2014,312.51000
15-07-2014,308.34600
14-07-2014,302.45600
11-07-2014,301.43100
10-07-2014,309.83900
09-07-2014,310.67000
08-07-2014,313.36900
07-07-2014,323.59000
04-07-2014,322.82200
03-07-2014,321.08000
02-07-2014,321.30900
01-07-2014,317.47700
30-06-2014,316.55200
27-06-2014,310.90900
26-06-2014,309.67700
25-06-2014,313.51800
24-06-2014,314.50700
23-06-2014,309.17000
20-06-2014,308.83100
19-06-2014,310.81800
18-06-2014,312.84900
17-06-2014,315.86200
16-06-2014,310.25200
13-06-2014,310.17900
12-06-2014,317.95100
11-06-2014,316.93500
10-06-2014,318.24300
09-06-2014,319.18100
06-06-2014,315.82800
05-06-2014,310.47100
04-06-2014,306.14600
03-06-2014,304.65700
02-06-2014,302.69400
30-05-2014,294.92800
29-05-2014,296.63100
28-05-2014,300.52900
27-05-2014,300.50300
26-05-2014,303.76400
23-05-2014,305.49700
22-05-2014,298.31600
21-05-2014,295.72600
20-05-2014,296.71800
19-05-2014,296.97400
16-05-2014,288.41300
15-05-2014,282.09700
14-05-2014,282.00900
13-05-2014,279.67200
12-05-2014,274.43500
09-05-2014,267.91300
08-05-2014,259.50800
07-05-2014,259.26900
06-05-2014,260.73900
05-05-2014,259.76000
02-05-2014,258.95800
30-04-2014,258.75200
29-04-2014,260.41400
28-04-2014,263.28800
25-04-2014,263.16300
23-04-2014,264.97500
22-04-2014,264.01300
21-04-2014,264.26800
17-04-2014,261.67400
16-04-2014,256.67200
15-04-2014,259.12000
11-04-2014,261.39800
10-04-2014,262.36400
09-04-2014,261.72100
07-04-2014,256.15200
04-04-2014,256.77900
03-04-2014,257.54000
02-04-2014,259.36900
01-04-2014,255.84300
31-03-2014,255.39900
28-03-2014,254.61400
27-03-2014,250.96000
26-03-2014,249.33900
25-03-2014,247.62200
24-03-2014,246.63800
21-03-2014,243.56000
20-03-2014,242.86400
19-03-2014,245.29400
18-03-2014,245.09400
14-03-2014,243.27100
13-03-2014,242.23900
12-03-2014,243.00500
11-03-2014,243.77300
10-03-2014,245.68800
07-03-2014,245.03200
06-03-2014,239.81500
05-03-2014,236.55800
04-03-2014,234.06300
03-03-2014,230.74300
28-02-2014,232.40500
26-02-2014,230.02900
25-02-2014,228.96300
24-02-2014,228.24700
21-02-2014,227.32800
20-02-2014,225.02900
19-02-2014,227.50100
18-02-2014,226.80200
17-02-2014,224.51400
14-02-2014,223.77400
13-02-2014,222.34300
12-02-2014,225.83100
11-02-2014,225.04200
10-02-2014,224.13500
07-02-2014,224.53200
06-02-2014,222.91700
05-02-2014,222.95000
04-02-2014,221.95800
03-02-2014,221.29000
31-01-2014,224.98800
30-01-2014,222.30700
29-01-2014,224.90000
28-01-2014,224.73200
27-01-2014,224.96300
24-01-2014,231.37000
23-01-2014,235.58300
22-01-2014,235.79900
21-01-2014,234.71000
20-01-2014,233.16600
17-01-2014,231.22000
16-01-2014,233.59600
15-01-2014,233.92600
14-01-2014,231.58300
13-01-2014,232.28500
10-01-2014,229.01700
09-01-2014,229.42800
08-01-2014,230.37000
07-01-2014,230.28200
06-01-2014,232.30900
03-01-2014,232.85500
02-01-2014,232.80000
01-01-2014,236.74400
31-12-2013,236.72600
30-12-2013,235.95300
27-12-2013,237.02900
26-12-2013,236.14500
24-12-2013,235.57700
23-12-2013,235.68000
20-12-2013,234.79000
19-12-2013,230.92400
18-12-2013,232.29700
17-12-2013,228.94000
16-12-2013,228.64800
13-12-2013,228.11400
12-12-2013,230.95400
11-12-2013,233.64000
10-12-2013,235.85600
09-12-2013,237.57100
06-12-2013,233.15300
05-12-2013,232.18200
04-12-2013,228.28800
03-12-2013,229.67000
02-12-2013,229.88100
29-11-2013,228.71300
28-11-2013,224.78900
27-11-2013,223.47300
26-11-2013,223.38400
25-11-2013,225.88100
22-11-2013,220.54800
21-11-2013,220.73500
20-11-2013,225.03700
19-11-2013,228.36700
18-11-2013,226.94400
14-11-2013,222.51200
13-11-2013,218.71800
12-11-2013,219.53000
11-11-2013,222.11800
08-11-2013,224.59100
07-11-2013,224.89700
06-11-2013,227.17000
05-11-2013,228.90000
01-11-2013,229.21600
31-10-2013,227.35200
30-10-2013,223.89500
29-10-2013,222.95800
28-10-2013,218.31000
25-10-2013,220.42300
24-10-2013,221.36700
23-10-2013,221.72400
22-10-2013,221.99100
21-10-2013,221.81800
18-10-2013,220.28900
17-10-2013,214.61700
15-10-2013,216.45400
14-10-2013,217.80800
11-10-2013,216.98100
10-10-2013,213.88300
09-10-2013,212.57900
08-10-2013,210.14500
07-10-2013,209.54700
04-10-2013,209.42600
03-10-2013,209.30500
01-10-2013,204.70300
30-09-2013,202.85900
27-09-2013,207.04000
26-09-2013,208.05500
25-09-2013,208.01000
24-09-2013,207.76200
23-09-2013,208.28900
20-09-2013,212.89400
19-09-2013,217.05100
18-09-2013,209.04800
17-09-2013,207.21800
16-09-2013,206.87900
13-09-2013,207.05600
12-09-2013,206.64900
11-09-2013,209.42800
10-09-2013,207.53600
06-09-2013,201.35800
05-09-2013,198.30100
04-09-2013,193.43700
03-09-2013,189.68500
02-09-2013,196.31900
30-08-2013,193.10000
29-08-2013,191.33200
28-08-2013,187.71200
27-08-2013,188.67400
26-08-2013,194.20600
23-08-2013,193.76800
22-08-2013,191.65000
21-08-2013,187.88400
20-08-2013,191.49200
19-08-2013,191.13100
16-08-2013,194.35600
14-08-2013,202.66200
13-08-2013,200.56100
12-08-2013,197.30600
08-08-2013,195.37600
07-08-2013,193.94200
06-08-2013,192.89800
05-08-2013,197.68300
02-08-2013,197.03200
01-08-2013,199.63100
31-07-2013,201.27700
30-07-2013,200.76300
29-07-2013,204.62100
26-07-2013,206.38900
25-07-2013,208.49000
24-07-2013,210.57200
23-07-2013,214.11400
22-07-2013,212.51300
19-07-2013,212.74800
18-07-2013,213.31500
17-07-2013,210.81800
16-07-2013,212.18700
15-07-2013,216.04800
12-07-2013,215.06500
11-07-2013,212.60300
10-07-2013,209.11100
09-07-2013,210.71300
08-07-2013,209.08200
05-07-2013,211.20200
04-07-2013,210.78100
03-07-2013,208.70000
02-07-2013,213.22100
01-07-2013,214.49000
28-06-2013,211.33100
27-06-2013,205.89100
26-06-2013,203.46900
25-06-2013,203.86000
24-06-2013,204.17800
21-06-2013,207.92700
20-06-2013,208.38600
19-06-2013,214.66000
18-06-2013,214.41900
17-06-2013,215.61900
14-06-2013,214.28800
13-06-2013,209.83400
12-06-2013,212.59500
11-06-2013,213.71400
10-06-2013,217.25700
07-06-2013,218.51000
06-06-2013,220.17900
05-06-2013,219.86700
04-06-2013,219.83900
03-06-2013,220.20100
31-05-2013,220.39700
30-05-2013,224.58400
29-05-2013,224.31600
28-05-2013,225.39600
27-05-2013,224.21900
24-05-2013,221.92200
23-05-2013,220.78200
22-05-2013,227.05600
21-05-2013,228.64000
20-05-2013,230.49400
17-05-2013,232.01600
16-05-2013,230.73000
15-05-2013,229.40300
14-05-2013,223.79600
13-05-2013,222.74300
10-05-2013,226.70800
09-05-2013,224.98300
08-05-2013,225.15200
07-05-2013,224.69100
06-05-2013,222.41900
03-05-2013,221.23000
02-05-2013,223.91300
30-04-2013,221.57800
29-04-2013,220.44900
26-04-2013,219.10100
25-04-2013,221.12300
23-04-2013,218.89500
22-04-2013,219.69400
18-04-2013,217.52500
17-04-2013,214.21100
16-04-2013,213.51600
15-04-2013,209.66500
12-04-2013,207.89400
11-04-2013,209.72700
10-04-2013,207.95400
09-04-2013,205.51400
08-04-2013,207.42900
05-04-2013,208.08400
04-04-2013,208.24100
03-04-2013,211.48200
02-04-2013,214.52700
01-04-2013,211.85800
28-03-2013,210.78200
26-03-2013,207.96400
25-03-2013,207.91500
22-03-2013,208.85700
21-03-2013,209.46100
20-03-2013,211.16800
19-03-2013,214.58100
18-03-2013,218.40300
15-03-2013,219.95800
14-03-2013,221.41700
13-03-2013,218.50200
12-03-2013,221.68000
11-03-2013,222.91200
08-03-2013,223.11200
07-03-2013,220.57300
06-03-2013,219.37500
05-03-2013,217.33700
04-03-2013,213.62700
01-03-2013,214.51500
28-02-2013,212.89700
27-02-2013,218.38700
26-02-2013,216.44100
25-02-2013,219.69900
22-02-2013,220.16600
21-02-2013,220.11200
20-02-2013,223.95200
19-02-2013,224.64800
18-02-2013,223.00200
15-02-2013,222.50100
14-02-2013,222.49400
13-02-2013,224.51200
12-02-2013,225.16800
11-02-2013,224.33100
08-02-2013,224.27700
07-02-2013,225.91700
06-02-2013,227.41600
05-02-2013,227.35900
04-02-2013,228.69600
01-02-2013,230.30800
31-01-2013,231.20800
30-01-2013,230.86100
29-01-2013,231.28500
28-01-2013,232.81600
25-01-2013,232.73300
24-01-2013,229.47400
23-01-2013,232.27100
22-01-2013,232.44400
21-01-2013,234.84100
18-01-2013,234.15500
17-01-2013,232.39300
16-01-2013,230.79700
15-01-2013,233.93600
14-01-2013,233.00800
11-01-2013,229.72700
10-01-2013,230.44000
09-01-2013,230.49800
08-01-2013,231.13900
07-01-2013,231.06600
04-01-2013,232.03500
03-01-2013,231.43500
02-01-2013,231.03200
01-01-2013,228.94300
